company_name,website,location,role,salary,email,apply_link
Comulate,https://comulate.com/careers,"San Francisco, CA",Senior Engineer,,,https://comulate.com/careers
Ideogram,https://www.ideogram.ai,NYC or Toronto,Product Designer,,,https://www.ideogram.ai/careers?utm_source=hacker-news
Ideogram,https://www.ideogram.ai,NYC or Toronto,Frontend,,,https://www.ideogram.ai/careers?utm_source=hacker-news
Ideogram,https://www.ideogram.ai,NYC or Toronto,Back End,,,https://www.ideogram.ai/careers?utm_source=hacker-news
Ideogram,https://www.ideogram.ai,NYC or Toronto,ML,,,https://www.ideogram.ai/careers?utm_source=hacker-news
Onja,https://onja.org,Madagascar,Front end Course Designer,,,https://onja.org/careers/front-end-course-designer
Onja,https://onja.org,Madagascar,Back end Course Designer,,,https://onja.org/careers/back-end-node.js-course-designer
St. Jude Children's Research Hospital,https://www.stjude.org/,"Memphis, TN","Principal Software Engineer, Rust Genomics Infrastructure",,clay.mcleod@stjude.org,https://talent.stjude.org/careers/jobs/JR4161?lang=en-us
Formal,https://formalstack.com,REMOTE,"Founding Software Engineer (Compilers, Verification)",200000.0,work at formalstack dot com,https://formalstack.com/jobs/01-2025/compilers.pdf
